{"jump": 0.001967799642218247, "touch": 0.0028337167392689768, "creep": 0.0, "taller": 0.03778988084700387, "stop": 0.006012102541324752, "fall": 0.0, "ride": 0.05408077663319374, "larger": 0.03242798867334337, "play": 0.0334631745736619, "watch": 0.016308627931446756, "move": 0.02444582854645341, "bite": 0.0, "feed": 0.0, "lie": 0.005189604686729293, "follow": 0.0018985407470405275, "walk": 0.036381746721199586, "stand": 0.07877629622979991, "hold": 0.0, "fly": 0.0, "fight": 0.0, "pull": 0.0, "sit": 0.0910590197932476, "chase": 0.0, "swim": 0.0, "run": 0.0035778175313059034, "faster": 0.0, "drive": 0.0, "kick": 0.0, "right": 0.06724560519524332, "toward": 0.0, "off": 0.0, "past": 0.0, "away": 0.0, "behind": 0.01689880392795105, "with": 0.001633226971601639, "inside": 0.0, "above": 0.0830926009948119, "beneath": 0.0283429148139969, "next": 0.010132152516167892, "left": 0.06830844844837955, "front": 0.0239849388492661, "to": 0.01538173279128672}